index,Overall rank,Country,Region,Score,GDP per capita,Social support,Healthy life expectancy,Freedom to make life choices,Generosity,Perceptions of corruption,Year
116,117,India,Southern Asia,4.565,0.64499,0.38174,0.51529,0.39786,0.26475,0.08492,2015
275,118,India,Southern Asia,4.404,0.74036,0.29247,0.45091,0.40285,0.25028,0.08722,2016
436,122,India,Southern Asia,4.315000057,0.792221248,0.754372597,0.455427617,0.469987005,0.231538489,0.092226885,2017
602,133,India,Sub-Saharan Africa,4.19,0.721,0.747,0.485,0.539,0.172,0.093,2018
765,140,India,Southern Asia,4.015,0.755,0.765,0.588,0.498,0.2,0.085,2019
925,144,India,South Asia,3.573299885,0.730576158,0.644198656,0.54057014,0.581142247,0.237072483,0.105587982,2020
1073,139,India,South Asia,3.819,0.741,0.316,0.383,0.622,0.246,0.106,2021
1219,136,India,Southern Asia,3.777,1.167,0.376,0.471,0.647,0.198,0.123,2022
